congress,chamber,icpsr,state_icpsr,district_code,state_abbrev,party_code,occupancy,last_means,bioname,bioguide_id,born,died,nominate_dim1,nominate_dim2,nominate_log_likelihood,nominate_geo_mean_probability,nominate_number_of_votes,nominate_number_of_errors,conditional,nokken_poole_dim1,nokken_poole_dim2
116,House,20301,41,3,AL,200,,,"ROGERS, Mike Dennis",R000575,1958,,0.339,0.448,-6.0637,0.89908,57,2,,0.568,0.282
116,House,21102,41,7,AL,100,,,"SEWELL, Terri",S001185,1965,,-0.39,0.402,-0.96338,0.98353,58,0,,-0.589,-0.148
116,House,21192,41,2,AL,200,,,"ROBY, Martha",R000591,1976,,0.368,0.663,-2.56588,0.95672,58,1,,0.482,0.224
116,House,21193,41,5,AL,200,,,"BROOKS, Mo",B001274,1954,,0.606,-0.444,-14.00837,0.78543,58,8,,0.597,-0.601
116,House,21376,41,1,AL,200,,,"BYRNE, Bradley",B001289,1955,,0.544,0.288,-9.82718,0.84657,59,3,,0.628,-0.044
116,House,21500,41,6,AL,200,,,"PALMER, Gary James",P000609,1954,,0.768,-0.071,-6.11903,0.90148,59,2,,0.634,0.155
116,House,29701,41,4,AL,200,,,"ADERHOLT, Robert",A000055,1965,,0.362,0.588,-3.53627,0.94182,59,1,,0.568,0.282
116,House,14066,81,1,AK,200,,,"YOUNG, Donald Edwin",Y000033,1933,,0.28,0.014,-9.28239,0.83934,53,2,,0.441,-0.113
116,House,20305,61,3,AZ,100,,,"GRIJALVA, Raúl M.",G000551,1948,,-0.599,-0.245,-0.25165,0.99559,57,0,,-0.589,-0.148
116,House,20902,61,2,AZ,100,,,"KIRKPATRICK, Ann",K000368,1950,,-0.158,-0.01,-2.84533,0.95213,58,1,,-0.48,0.675
116,House,21103,61,4,AZ,200,,,"GOSAR, Paul",G000565,1958,,0.635,-0.385,-12.81824,0.80472,59,8,,0.786,-0.618
116,House,21105,61,6,AZ,200,,,"SCHWEIKERT, David",S001183,1962,,0.63,-0.317,-5.953,0.90402,59,3,,0.49,0.073
116,House,21502,61,7,AZ,100,,,"GALLEGO, Ruben",G000574,1979,,-0.452,-0.025,-0.22273,0.99623,59,0,,-0.589,-0.148
116,House,21705,61,5,AZ,200,,,"BIGGS, Andrew S.",B001302,1958,,0.904,-0.427,-3.22817,0.94586,58,0,,0.906,-0.423
116,House,21739,61,1,AZ,100,,,"O'HALLERAN, Thomas C.",O000171,1946,,-0.171,0.143,-4.2395,0.92951,58,2,,-0.401,0.916
116,House,21757,61,8,AZ,200,,,"LESKO, Debbie",L000589,1958,,0.678,-0.057,-4.88492,0.92054,59,3,,0.53,-0.107
116,House,21968,61,9,AZ,100,,,"STANTON, Greg",S001211,1970,,-0.489,-0.146,-0.19369,0.99672,59,0,,-0.589,-0.148
116,House,21106,42,1,AR,200,,,"CRAWFORD, Rick",C001087,1966,,0.381,0.466,-0.95945,0.98387,59,0,,0.432,0.902
116,House,21108,42,3,AR,200,,,"WOMACK, Steve",W000809,1957,,0.348,0.57,-1.07655,0.98192,59,0,,0.432,0.902
116,House,21503,42,2,AR,200,,,"HILL, French",H001072,1956,,0.475,0.193,-1.13132,0.98101,59,0,,0.432,0.902
116,House,21563,42,4,AR,200,,,"WESTERMAN, Bruce Eugene",W000821,1967,,0.546,0.304,-0.99272,0.98303,58,0,,0.43,0.903
116,House,15448,71,12,CA,100,,,"PELOSI, Nancy",P000197,1940,,-0.49,-0.206,-6e-05,0.99997,2,0,,0.0,0.0
116,House,20104,71,28,CA,100,,,"SCHIFF, Adam",S001150,1960,,-0.348,-0.13,-0.28027,0.99526,59,0,,-0.589,-0.148
116,House,20108,71,53,CA,100,,,"DAVIS, Susan A.",D000598,1944,,-0.343,-0.107,-0.2973,0.99497,59,0,,-0.589,-0.148
116,House,20307,71,22,CA,200,,,"NUNES, Devin",N000181,1973,,0.447,0.2,-0.9222,0.98423,58,0,,0.436,0.9
116,House,20310,71,38,CA,100,,,"SÁNCHEZ, Linda T.",S001156,1969,,-0.508,-0.14,-0.19456,0.9964,54,0,,-0.589,-0.148
116,House,20501,71,16,CA,100,,,"COSTA, Jim",C001059,1952,,-0.188,0.469,-4.24393,0.9306,59,2,,-0.437,0.822
116,House,20538,71,6,CA,100,,,"MATSUI, Doris",M001163,1944,,-0.435,-0.173,-0.2012,0.99648,57,0,,-0.589,-0.148
116,House,20702,71,9,CA,100,,,"McNERNEY, Jerry",M001166,1951,,-0.26,-0.146,-0.49507,0.99052,52,0,,-0.589,-0.147
116,House,20703,71,23,CA,200,,,"MCCARTHY, Kevin",M001165,1965,,0.462,0.197,-5.24438,0.9121,57,2,,0.42,0.067
116,House,20762,71,14,CA,100,,,"SPEIER, Karen Lorraine Jacqueline (Jackie)",S001175,1950,,-0.384,-0.459,-0.28132,0.99524,59,0,,-0.589,-0.148
116,House,20903,71,4,CA,200,,,"McCLINTOCK, Tom",M001177,1956,,0.748,-0.512,-9.38682,0.85291,59,8,,0.6,-0.428
116,House,20955,71,27,CA,100,,,"CHU, Judy",C001080,1953,,-0.488,-0.376,-0.2401,0.9958,57,0,,-0.589,-0.148
116,House,20958,71,3,CA,100,,,"GARAMENDI, John",G000559,1945,,-0.309,-0.097,-0.3771,0.99341,57,0,,-0.589,-0.148
116,House,20963,71,50,CA,200,,,"HUNTER, Duncan Duane",H001048,1976,,0.515,0.132,-6.75263,0.89186,59,2,,0.752,0.66
116,House,21110,71,37,CA,100,,,"BASS, Karen",B001270,1953,,-0.587,-0.094,-2.36287,0.95795,55,1,,-0.56,-0.054
116,House,21302,71,1,CA,200,,,"LaMALFA, Doug",L000578,1960,,0.55,0.101,-1.07694,0.97869,50,0,,0.436,0.9
116,House,21303,71,2,CA,100,,,"HUFFMAN, Jared",H001068,1964,,-0.425,-0.539,-5.13213,0.91091,55,1,,-0.202,-0.308
116,House,21304,71,7,CA,100,,,"BERA, Ami",B001287,1965,,-0.228,0.005,-0.9657,0.98377,59,0,,-0.589,-0.148
116,House,21305,71,8,CA,200,,,"COOK, Paul",C001094,1943,,0.388,0.177,-6.01647,0.90305,59,2,,0.284,0.573
116,House,21306,71,15,CA,100,,,"SWALWELL, Eric",S001193,1980,,-0.364,-0.116,-0.26315,0.99547,58,0,,-0.589,-0.148
116,House,21308,71,26,CA,100,,,"BROWNLEY, Julia",B001285,1952,,-0.284,0.051,-3.48587,0.94263,59,2,,-0.437,0.822
116,House,21309,71,29,CA,100,,,"CÁRDENAS, Tony",C001097,1963,,-0.38,0.026,-2.12808,0.96397,58,1,,-0.526,0.666
116,House,21311,71,36,CA,100,,,"RUIZ, Raul",R000599,1972,,-0.239,0.064,-3.30584,0.94551,59,2,,-0.437,0.822
116,House,21312,71,41,CA,100,,,"TAKANO, Mark",T000472,1960,,-0.465,-0.256,-0.20218,0.99658,59,0,,-0.589,-0.148
116,House,21313,71,47,CA,100,,,"LOWENTHAL, Alan",L000579,1941,,-0.449,-0.358,-0.22637,0.99617,59,0,,-0.589,-0.148
116,House,21314,71,51,CA,100,,,"VARGAS, Juan",V000130,1961,,-0.397,0.123,-0.38178,0.99344,58,0,,-0.589,-0.148
116,House,21315,71,52,CA,100,,,"PETERS, Scott",P000608,1958,,-0.177,-0.06,-2.76572,0.95421,59,1,,-0.526,0.666
116,House,21504,71,11,CA,100,,,"DESAULNIER, Mark James",D000623,1952,,-0.532,-0.345,-0.24568,0.99584,59,0,,-0.589,-0.148
116,House,21506,71,31,CA,100,,,"AGUILAR, Peter Rey",A000371,1979,,-0.286,0.133,-1.73923,0.97095,59,1,,-0.526,0.666
116,House,21507,71,33,CA,100,,,"LIEU, Ted",L000582,1969,,-0.361,-0.252,-0.24349,0.99588,59,0,,-0.589,-0.148
116,House,21508,71,35,CA,100,,,"TORRES, Norma Judith",T000474,1965,,-0.359,0.031,-0.35868,0.99384,58,0,,-0.589,-0.148
116,House,21703,71,44,CA,100,,,"BARRAGÁN, Nanette Diaz",B001300,1976,,-0.508,0.141,-0.27454,0.99528,58,0,,-0.589,-0.148
116,House,21709,71,24,CA,100,,,"CARBAJAL, Salud",C001112,1964,,-0.297,0.183,-0.80523,0.98644,59,0,,-0.589,-0.148
116,House,21711,71,46,CA,100,,,"CORREA, Jose Luis",C001110,1958,,-0.274,0.351,-1.59544,0.97332,59,0,,-0.589,-0.148
116,House,21728,71,17,CA,100,,,"KHANNA, Rohit",K000389,1976,,-0.611,-0.166,-6.21868,0.89996,59,1,,-0.279,-0.812
116,House,21740,71,20,CA,100,,,"PANETTA, James Varni",P000613,1969,,-0.307,-0.024,-2.04832,0.96588,59,1,,-0.526,0.666
116,House,21754,71,34,CA,100,,,"GOMEZ, Jimmy",G000585,1974,,-0.611,0.004,-0.22709,0.99616,59,0,,-0.589,-0.148
116,House,21907,71,39,CA,100,,,"CISNEROS, Gil",C001123,1972,,-0.336,0.793,-5.73204,0.90742,59,2,,-0.343,0.902
116,House,21909,71,21,CA,100,,,"COX, TJ",C001124,1963,,-0.489,-0.146,-0.19369,0.99672,59,0,,-0.589,-0.148
116,House,21930,71,10,CA,100,,,"HARDER, Josh",H001090,1986,,-0.463,-0.037,-0.13224,0.99764,56,0,,-0.56,-0.054
116,House,21932,71,25,CA,100,,,"HILL, Katie",H001087,1987,,-0.489,-0.146,-0.19369,0.99667,58,0,,-0.589,-0.148
116,House,21939,71,49,CA,100,,,"LEVIN, Mike",L000593,1978,,-0.489,-0.146,-0.19369,0.99672,59,0,,-0.589,-0.148
116,House,21954,71,45,CA,100,,,"PORTER, Katie",P000618,1974,,-0.498,0.855,-1.8216,0.96855,57,1,,-0.463,0.855
116,House,21960,71,48,CA,100,,,"ROUDA, Harley",R000616,1961,,-0.347,0.938,-5.14223,0.91653,59,2,,-0.311,0.951
116,House,29106,71,43,CA,100,,,"WATERS, Maxine",W000187,1938,,-0.654,-0.083,-7.69205,0.8758,58,2,,-0.434,0.819
116,House,29312,71,18,CA,100,,,"ESHOO, Anna Georges",E000215,1942,,-0.381,-0.432,-0.26943,0.99544,59,0,,-0.589,-0.148
116,House,29317,71,40,CA,100,,,"ROYBAL-ALLARD, Lucille",R000486,1941,,-0.471,-0.19,-0.19512,0.99658,57,0,,-0.589,-0.148
116,House,29323,71,42,CA,200,,,"CALVERT, Ken",C000059,1953,,0.349,0.205,-2.55957,0.95755,59,0,,0.432,0.902
116,House,29504,71,19,CA,100,,,"LOFGREN, Zoe",L000397,1947,,-0.402,-0.444,-0.26609,0.9955,59,0,,-0.589,-0.148
116,House,29707,71,30,CA,100,,,"SHERMAN, Brad",S000344,1954,,-0.342,-0.15,-0.28397,0.9952,59,0,,-0.589,-0.148
116,House,29778,71,13,CA,100,,,"LEE, Barbara",L000551,1946,,-0.683,-0.583,-0.55227,0.99068,59,0,,-0.589,-0.148
116,House,29901,71,5,CA,100,,,"THOMPSON, Michael",T000460,1951,,-0.396,0.058,-4.3384,0.92911,59,2,,-0.437,0.822
116,House,29903,71,32,CA,100,,,"NAPOLITANO, Grace Flores",N000179,1936,,-0.448,-0.248,-0.20153,0.99659,59,0,,-0.589,-0.148
116,House,20704,62,5,CO,200,,,"LAMBORN, Doug",L000564,1954,,0.688,0.187,-2.32122,0.96077,58,0,,0.431,0.902
116,House,20705,62,7,CO,100,,,"PERLMUTTER, Ed",P000593,1953,,-0.281,0.08,-2.2201,0.96307,59,1,,-0.293,0.171
116,House,21111,62,3,CO,200,,,"TIPTON, Scott",T000470,1956,,0.454,-0.028,-1.55145,0.97361,58,0,,0.439,0.898
116,House,21510,62,4,CO,200,,,"BUCK, Kenneth Robert",B001297,1959,,0.755,-0.469,-9.37539,0.82902,50,7,,0.58,-0.242
116,House,21912,62,6,CO,100,,,"CROW, Jason",C001121,1979,,-0.164,0.072,-4.73634,0.92286,59,3,,-0.163,0.11
116,House,21948,62,2,CO,100,,,"NEGUSE, Joseph",N000191,1984,,-0.489,-0.146,-0.19369,0.99672,59,0,,-0.589,-0.148
116,House,29710,62,1,CO,100,,,"DeGETTE, Diana",D000197,1957,,-0.432,-0.312,-0.21433,0.99637,59,0,,-0.589,-0.148
116,House,20706,1,2,CT,100,,,"COURTNEY, Joe",C001069,1953,,-0.344,0.018,-0.37786,0.99362,59,0,,-0.589,-0.148
116,House,20907,1,4,CT,100,,,"HIMES, James A.",H001047,1966,,-0.241,-0.252,-0.57287,0.98964,55,0,,-0.589,-0.147
116,House,21931,1,5,CT,100,,,"HAYES, Jahana",H001081,1973,,-0.448,-0.141,-0.14767,0.99746,58,0,,-0.551,-0.145
116,House,29109,1,3,CT,100,,,"DeLAURO, Rosa L.",D000216,1943,,-0.416,-0.121,-0.2161,0.99601,54,0,,-0.589,-0.148
116,House,29908,1,1,CT,100,,,"LARSON, John B.",L000557,1948,,-0.398,-0.056,-0.2498,0.99578,59,0,,-0.589,-0.148
116,House,21706,11,1,DE,100,,,"BLUNT ROCHESTER, Lisa",B001303,1962,,-0.324,-0.094,-0.34084,0.99414,58,0,,-0.589,-0.147
116,House,20316,43,25,FL,200,,,"DIAZ-BALART, Mario",D000600,1961,,0.278,0.104,-9.15221,0.85631,59,2,,0.393,-0.162
116,House,20504,43,23,FL,100,,,"WASSERMAN SCHULTZ, Debbie",W000797,1966,,-0.422,0.064,-0.29293,0.99505,59,0,,-0.589,-0.148
116,House,20708,43,14,FL,100,,,"CASTOR, Kathy",C001066,1966,,-0.439,0.049,-0.26668,0.99549,59,0,,-0.589,-0.148
116,House,20709,43,16,FL,200,,,"BUCHANAN, Vernon G.",B001260,1951,,0.359,-0.148,-6.17672,0.89557,56,2,,0.436,0.9
116,House,20758,43,12,FL,200,,,"BILIRAKIS, Gus",B001257,1963,,0.404,0.024,-5.00722,0.91863,59,2,,0.42,0.067
116,House,20909,43,8,FL,200,,,"POSEY, Bill",P000599,1947,,0.513,-0.315,-8.05843,0.87233,59,3,,0.513,-0.289
116,House,20959,43,22,FL,100,,,"DEUTCH, Theodore E. (Ted)",D000610,1966,,-0.4,-0.103,-0.23124,0.99602,58,0,,-0.589,-0.148
116,House,21116,43,11,FL,200,,,"WEBSTER, Daniel A.",W000806,1949,,0.485,-0.01,-6.60817,0.89232,58,3,,0.624,0.01
116,House,21118,43,24,FL,100,,,"WILSON, Frederica",W000808,1942,,-0.474,-0.016,-0.00394,0.99982,22,0,,-0.472,0.153
116,House,21317,43,3,FL,200,,,"YOHO, Ted",Y000065,1955,,0.7,-0.369,-7.35793,0.88086,58,4,,0.843,0.165
116,House,21321,43,21,FL,100,,,"FRANKEL, Lois",F000462,1948,,-0.402,-0.093,-0.06458,0.9985,43,0,,-0.455,-0.026
116,House,21712,43,13,FL,100,,,"CRIST, Charlie Joseph Jr.",C001111,1956,,-0.211,-0.021,-1.13006,0.98103,59,0,,-0.589,-0.148
116,House,21713,43,10,FL,100,,,"DEMINGS, Valdez Butler",D000627,1957,,-0.347,-0.227,-0.26181,0.99557,59,0,,-0.589,-0.148
116,House,21714,43,2,FL,200,,,"DUNN, Neal Patrick",D000628,1953,,0.504,0.273,-2.33707,0.96116,59,1,,0.568,0.282
116,House,21719,43,1,FL,200,,,"GAETZ, Matthew L. II",G000578,1982,,0.733,-0.463,-6.0742,0.88341,49,4,,0.63,-0.513
116,House,21732,43,5,FL,100,,,"LAWSON, Alfred Jr.",L000586,1948,,-0.255,0.08,-0.83777,0.98461,54,0,,-0.589,-0.148
116,House,21735,43,18,FL,200,,,"MAST, Brian Jeffery",M001199,1980,,0.342,-0.144,-4.10578,0.89221,36,1,,0.451,0.893
116,House,21738,43,7,FL,100,,,"MURPHY, Stephanie",M001202,1978,,-0.154,0.018,-2.48072,0.95883,59,0,,-0.589,-0.148
116,House,21742,43,19,FL,200,,,"ROONEY, Francis",R000607,1953,,0.562,-0.28,-1.88432,0.95808,44,0,,0.444,0.896
116,House,21744,43,4,FL,200,,,"RUTHERFORD, John Henry",R000609,1952,,0.358,0.517,-5.14772,0.91217,56,2,,0.544,0.003
116,House,21746,43,9,FL,100,,,"SOTO, Darren Michael",S001200,1978,,-0.382,0.157,-0.45205,0.99237,59,0,,-0.589,-0.148
116,House,21947,43,26,FL,100,,,"MUCARSEL-POWELL, Debbie",M001207,1971,,-0.294,0.163,-2.20262,0.96336,59,1,,-0.293,0.171
116,House,21963,43,27,FL,100,,,"SHALALA, Donna",S001206,1941,,-0.489,-0.146,-0.19369,0.99672,59,0,,-0.589,-0.148
116,House,21967,43,15,FL,200,,,"SPANO, Ross",S001210,1966,,0.591,-0.164,-6.48249,0.89595,59,2,,0.584,-0.183
116,House,21971,43,17,FL,200,,,"STEUBE, William",S001214,1978,,0.646,-0.438,-5.02248,0.90793,52,1,,0.646,-0.438
116,House,21981,43,6,FL,200,,,"WALTZ, Michael",W000823,1974,,0.494,0.318,-2.00658,0.96656,59,1,,0.487,0.299
116,House,29337,43,20,FL,100,,,"HASTINGS, Alcee Lamar",H000324,1936,,-0.564,0.156,-0.26224,0.99497,52,0,,-0.589,-0.148
116,House,15431,44,5,GA,100,,,"LEWIS, John R.",L000287,1940,,-0.59,-0.224,-0.23904,0.99596,59,0,,-0.589,-0.148
116,House,20321,44,13,GA,100,,,"SCOTT, David",S001157,1945,,-0.301,0.167,-0.74736,0.9872,58,0,,-0.589,-0.148
116,House,20712,44,4,GA,100,,,"JOHNSON, Hank",J000288,1954,,-0.469,0.015,-3.34295,0.94492,59,1,,-0.589,-0.148
116,House,20962,44,14,GA,200,,,"GRAVES, Tom",G000560,1970,,0.738,-0.032,-4.48385,0.92682,59,0,,0.568,0.282
116,House,21122,44,7,GA,200,,,"WOODALL, Rob",W000810,1970,,0.641,-0.238,-3.60515,0.93973,58,0,,0.569,0.258
116,House,21123,44,8,GA,200,,,"SCOTT, Austin",S001189,1969,,0.57,0.166,-2.23054,0.9629,59,1,,0.487,0.299
116,House,21323,44,9,GA,200,,,"COLLINS, Doug",C001093,1966,,0.62,0.068,-3.73045,0.93665,57,2,,0.479,0.053
116,House,21513,44,1,GA,200,,,"CARTER, Buddy",C001103,1957,,0.569,0.336,-2.20899,0.96325,59,1,,0.568,0.282
116,House,21514,44,10,GA,200,,,"HICE, Jody Brownlow",H001071,1960,,0.745,-0.137,-7.46991,0.88108,59,5,,0.737,-0.229
116,House,21515,44,11,GA,200,,,"LOUDERMILK, Barry D.",L000583,1963,,0.663,-0.078,-2.6606,0.9536,56,0,,0.445,0.896
116,House,21516,44,12,GA,200,,,"ALLEN, Rick W.",A000372,1951,,0.622,0.257,-10.85287,0.83198,59,4,,0.769,-0.086
116,House,21717,44,3,GA,200,,,"FERGUSON, Anderson Drew IV",F000465,1967,,0.521,0.155,-1.23319,0.97932,59,0,,0.432,0.902
116,House,21944,44,6,GA,100,,,"McBATH, Lucy",M001208,1960,,-0.463,-0.037,-0.13227,0.99772,58,0,,-0.56,-0.054
116,House,29339,44,2,GA,100,,,"BISHOP, Sanford Dixon, Jr.",B000490,1947,,-0.282,0.47,-2.20743,0.96328,59,1,,-0.589,-0.148
116,House,20322,82,1,HI,100,,,"CASE, Ed",C001055,1952,,-0.204,-0.17,-1.05756,0.98223,59,0,,-0.589,-0.148
116,House,21324,82,2,HI,100,,,"GABBARD, Tulsi",G000571,1981,,-0.279,-0.246,-4.26937,0.92531,55,1,,-0.281,-0.855
116,House,21920,63,1,ID,200,,,"FULCHER, Russell",F000469,1973,,0.596,-0.122,-4.36107,0.92757,58,1,,0.591,-0.14
116,House,29910,63,2,ID,200,,,"SIMPSON, Michael K.",S001148,1950,,0.293,0.279,-7.88618,0.87488,59,4,,0.372,0.169
116,House,20508,21,3,IL,100,,,"LIPINSKI, Daniel",L000563,1966,,-0.232,0.181,-5.80337,0.90478,58,1,,-0.205,0.213
116,House,20749,21,11,IL,100,,,"FOSTER, Bill",F000454,1955,,-0.225,-0.23,-0.63248,0.98897,57,0,,-0.56,-0.054
116,House,20954,21,5,IL,100,,,"QUIGLEY, Mike",Q000023,1958,,-0.32,-0.289,-0.30375,0.99478,58,0,,-0.589,-0.148
116,House,21128,21,16,IL,200,,,"KINZINGER, Adam",K000378,1978,,0.267,0.317,-15.01918,0.77526,59,9,,0.256,-0.053
116,House,21326,21,10,IL,100,,,"SCHNEIDER, Brad",S001190,1961,,-0.165,-0.216,-1.7591,0.97062,59,0,,-0.589,-0.148
116,House,21328,21,13,IL,200,,,"DAVIS, Rodney",D000619,1970,,0.296,0.114,-6.887,0.87815,53,3,,0.299,0.007
116,House,21329,21,17,IL,100,,,"BUSTOS, Cheri",B001286,1961,,-0.235,0.027,-0.93288,0.98431,59,0,,-0.589,-0.148
116,House,21371,21,2,IL,100,,,"KELLY, Robin L.",K000385,1956,,-0.462,-0.008,-0.22379,0.99621,59,0,,-0.589,-0.148
116,House,21519,21,12,IL,200,,,"BOST, Mike",B001295,1960,,0.263,0.526,-2.54969,0.95303,53,0,,0.416,0.91
116,House,21562,21,18,IL,200,,,"LaHOOD, Darin",L000585,1968,,0.449,0.096,-1.25918,0.97561,51,0,,0.409,0.913
116,House,21730,21,8,IL,100,,,"KRISHNAMOORTHI, S. Raja",K000391,1973,,-0.313,-0.178,-2.55726,0.95687,58,1,,-0.293,0.171
116,House,21906,21,6,IL,100,,,"CASTEN, Sean",C001117,1971,,-0.472,0.646,-1.15682,0.98025,58,0,,-0.48,0.675
116,House,21921,21,4,IL,100,,,"GARCÍA, Jesús",G000586,1956,,-0.489,-0.146,-0.19369,0.99672,59,0,,-0.589,-0.148
116,House,21979,21,14,IL,100,,,"UNDERWOOD, Lauren",U000040,1986,,-0.489,-0.146,-0.19369,0.99672,59,0,,-0.589,-0.148
116,House,29346,21,1,IL,100,,,"RUSH, Bobby L.",R000515,1946,,-0.478,-0.204,-0.1473,0.99733,55,0,,-0.564,-0.062
116,House,29717,21,7,IL,100,,,"DAVIS, Danny K.",D000096,1941,,-0.486,-0.261,-2.62297,0.95578,58,1,,-0.56,-0.054
116,House,29718,21,15,IL,200,,,"SHIMKUS, John M.",S000364,1958,,0.371,0.14,-1.6481,0.9688,52,0,,0.416,0.91
116,House,29911,21,9,IL,100,,,"SCHAKOWSKY, Janice D.",S001145,1944,,-0.607,-0.265,-0.26435,0.99545,58,0,,-0.589,-0.148
116,House,15124,22,1,IN,100,,,"VISCLOSKY, Peter",V000108,1949,,-0.402,0.245,-0.54299,0.99084,59,0,,-0.589,-0.148
116,House,20757,22,7,IN,100,,,"CARSON, André",C001072,1974,,-0.429,0.056,-0.28011,0.99526,59,0,,-0.589,-0.148
116,House,21132,22,8,IN,200,,,"BUCSHON, Larry",B001275,1962,,0.39,0.237,-1.47549,0.97202,52,0,,0.431,0.902
116,House,21330,22,2,IN,200,,,"WALORSKI, Jackie",W000813,1963,,0.446,0.327,-2.0245,0.9657,58,1,,0.477,0.276
116,House,21331,22,5,IN,200,,,"BROOKS, Susan",B001284,1960,,0.375,0.264,-6.10114,0.90015,58,3,,0.41,0.048
116,House,21702,22,3,IN,200,,,"BANKS, James E.",B001299,1979,,0.64,-0.037,-4.19884,0.93131,59,2,,0.49,0.073
116,House,21725,22,9,IN,200,,,"HOLLINGSWORTH, Joseph Albert III",H001074,1983,,0.472,-0.175,-4.19772,0.93018,58,3,,0.538,-0.143
116,House,21903,22,4,IN,200,,,"BAIRD, James",B001307,1945,,0.495,0.315,-2.0051,0.96602,58,1,,0.487,0.296
116,House,21952,22,6,IN,200,,,"PENCE, Gregory",P000615,1956,,0.55,0.022,-3.024,0.95004,59,2,,0.544,0.003
116,House,20325,31,4,IA,200,,,"KING, Steve",K000362,1949,,0.618,0.229,-13.31593,0.79796,59,5,,0.831,0.07
116,House,20720,31,2,IA,100,,,"LOEBSACK, Dave",L000565,1952,,-0.276,-0.038,-0.54773,0.9906,58,0,,-0.589,-0.148
116,House,21902,31,3,IA,100,,,"AXNE, Cynthia",A000378,1965,,-0.213,0.833,-8.88772,0.86016,59,4,,-0.209,0.785
116,House,21918,31,1,IA,100,,,"FINKENAUER, Abby",F000467,1988,,-0.277,0.635,-4.38193,0.92842,59,2,,-0.44,0.633
116,House,21734,32,1,KS,200,,,"MARSHALL, Roger Wayne",M001198,1960,,0.496,0.198,-2.37417,0.9592,57,1,,0.568,0.282
116,House,21750,32,4,KS,200,,,"ESTES, Ron",E000298,1956,,0.55,0.091,-2.25679,0.96184,58,1,,0.569,0.258
116,House,21914,32,3,KS,100,,,"DAVIDS, Sharice",D000629,1980,,-0.149,0.338,-6.44049,0.89659,59,3,,-0.146,0.162
116,House,21982,32,2,KS,200,,,"WATKINS, Steve",W000824,1976,,0.494,0.318,-2.00658,0.96656,59,1,,0.487,0.299
116,House,14854,51,5,KY,200,,,"ROGERS, Harold Dallas (Hal)",R000395,1937,,0.333,0.094,-4.09418,0.93296,59,1,,0.432,0.902
116,House,20723,51,3,KY,100,,,"YARMUTH, John",Y000062,1947,,-0.378,-0.273,-0.16809,0.99711,58,0,,-0.551,-0.145
116,House,20916,51,2,KY,200,,,"GUTHRIE, Brett",G000558,1964,,0.413,0.248,-1.26192,0.97884,59,0,,0.432,0.902
116,House,21333,51,6,KY,200,,,"BARR, Garland H. (Andy) IV",B001282,1973,,0.488,0.306,-2.00638,0.966,58,1,,0.487,0.296
116,House,21565,51,1,KY,200,,,"COMER, James",C001108,1972,,0.591,-0.044,-3.99679,0.92736,53,3,,0.498,-0.169
116,House,31102,51,4,KY,200,,,"MASSIE, Thomas",M001184,1971,,0.667,-0.745,-12.21589,0.787,51,6,,0.991,-0.136
116,House,20759,45,1,LA,200,,,"SCALISE, Steve",S001176,1965,,0.559,0.127,-1.42113,0.9762,59,0,,0.432,0.902
116,House,21137,45,2,LA,100,,,"RICHMOND, Cedric",R000588,1973,,-0.479,0.325,-3.86111,0.9356,58,1,,-0.56,-0.054
116,House,21522,45,5,LA,200,,,"ABRAHAM, Ralph",A000374,1954,,0.509,0.281,-2.31309,0.95479,50,1,,0.568,0.255
116,House,21523,45,6,LA,200,,,"GRAVES, Garret",G000577,1972,,0.501,-0.076,-2.00496,0.96659,59,0,,0.432,0.902
116,House,21724,45,3,LA,200,,,"HIGGINS, Clay",H001077,1961,,0.54,0.033,-6.87749,0.88997,59,4,,0.623,-0.11
116,House,21727,45,4,LA,200,,,"JOHNSON, Mike",J000299,1972,,0.577,-0.141,-3.66352,0.93667,56,1,,0.631,0.065
116,House,20920,2,1,ME,100,,,"PINGREE, Chellie",P000597,1955,,-0.421,-0.403,-0.24406,0.99587,59,0,,-0.589,-0.148
116,House,21923,2,2,ME,100,,,"GOLDEN, Jared",G000592,1982,,-0.073,0.1,-7.84507,0.87549,59,4,,-0.073,0.174
116,House,14873,52,5,MD,100,,,"HOYER, Steny Hamilton",H000874,1939,,-0.38,0.116,-0.40534,0.99291,57,0,,-0.589,-0.148
116,House,20329,52,2,MD,100,,,"RUPPERSBERGER, C. A. (Dutch)",R000576,1946,,-0.295,0.137,-0.50986,0.9911,57,0,,-0.551,-0.145
116,House,20724,52,3,MD,100,,,"SARBANES, John",S001168,1962,,-0.469,-0.075,-0.20259,0.99657,59,0,,-0.589,-0.148
116,House,21139,52,1,MD,200,,,"HARRIS, Andy",H001052,1957,,0.616,-0.352,-12.04162,0.81538,59,7,,0.73,-0.595
116,House,21707,52,4,MD,100,,,"BROWN, Anthony Gregory",B001304,1961,,-0.342,-0.171,-0.27679,0.99532,59,0,,-0.589,-0.148
116,House,21741,52,8,MD,100,,,"RASKIN, Jamie Ben",R000606,1962,,-0.551,-0.182,-0.20958,0.99639,58,0,,-0.589,-0.147
116,House,21978,52,6,MD,100,,,"TRONE, David",T000483,1955,,-0.487,-0.228,-0.16768,0.99696,55,0,,-0.624,-0.347
116,House,29587,52,7,MD,100,,,"CUMMINGS, Elijah Eugene",C000984,1951,,-0.438,-0.15,-0.14788,0.99736,56,0,,-0.551,-0.145
116,House,15616,3,1,MA,100,,,"NEAL, Richard Edmund",N000015,1949,,-0.417,-0.111,-0.21791,0.99597,54,0,,-0.589,-0.148
116,House,20119,3,8,MA,100,,,"LYNCH, Stephen F.",L000562,1955,,-0.351,0.038,-0.3814,0.99345,58,0,,-0.589,-0.148
116,House,21140,3,9,MA,100,,,"KEATING, William R.",K000375,1952,,-0.329,-0.136,-2.40459,0.96006,59,1,,-0.526,0.666
116,House,21335,3,4,MA,100,,,"KENNEDY, Joseph P. III",K000379,1980,,-0.422,-0.168,-0.15952,0.99716,56,0,,-0.589,-0.148
116,House,21375,3,5,MA,100,,,"CLARK, Katherine M.",C001101,1963,,-0.49,-0.39,-0.24658,0.99583,59,0,,-0.589,-0.148
116,House,21525,3,6,MA,100,,,"MOULTON, Seth",M001196,1978,,-0.297,-0.112,-7.18918,0.88342,58,2,,-0.169,-0.012
116,House,21955,3,7,MA,100,,,"PRESSLEY, Ayanna",P000617,1974,,-0.82,-0.572,-3.8437,0.93479,57,2,,-0.995,-0.096
116,House,21977,3,3,MA,100,,,"TRAHAN, Lori",T000482,1973,,-0.489,-0.146,-0.19369,0.99672,59,0,,-0.589,-0.148
116,House,29729,3,2,MA,100,,,"McGOVERN, James P.",M000312,1959,,-0.539,-0.296,-0.23143,0.99602,58,0,,-0.589,-0.148
116,House,15446,23,6,MI,200,,,"UPTON, Frederick Stephen",U000031,1953,,0.338,-0.396,-12.41676,0.81022,59,6,,0.249,-0.059
116,House,20725,23,7,MI,200,,,"WALBERG, Tim",W000798,1951,,0.527,0.053,-2.51261,0.95831,59,1,,0.474,0.311
116,House,21142,23,2,MI,200,,,"HUIZENGA, Bill",H001058,1969,,0.631,-0.049,-2.68312,0.95479,58,0,,0.432,0.902
116,House,21143,23,3,MI,200,,,"AMASH, Justin",A000367,1980,,0.642,-0.766,-25.34588,0.65078,59,9,,0.537,-0.843
116,House,21372,23,5,MI,100,,,"KILDEE, Dan",K000380,1958,,-0.394,-0.206,-0.21886,0.9963,59,0,,-0.589,-0.148
116,House,21526,23,4,MI,200,,,"MOOLENAAR, John",M001194,1961,,0.398,0.481,-0.81399,0.9863,59,0,,0.432,0.902
116,House,21529,23,12,MI,100,,,"DINGELL, Debbie",D000624,1953,,-0.409,-0.106,-0.18673,0.99635,51,0,,-0.589,-0.148
116,House,21530,23,14,MI,100,,,"LAWRENCE, Brenda L",L000581,1954,,-0.443,-0.032,-0.22494,0.99613,58,0,,-0.589,-0.148
116,House,21704,23,1,MI,200,,,"BERGMAN, John",B001301,1947,,0.439,0.007,-7.22882,0.88469,59,3,,0.58,-0.121
116,House,21737,23,10,MI,200,,,"MITCHELL, Paul",M001201,1961,,0.424,0.351,-3.7128,0.93901,59,1,,0.432,0.902
116,House,21940,23,9,MI,100,,,"LEVIN, Andy",L000592,1960,,-0.489,-0.146,-0.19369,0.99672,59,0,,-0.589,-0.148
116,House,21965,23,8,MI,100,,,"SLOTKIN, Elissa",S001208,1976,,-0.516,0.857,-4.15933,0.9308,58,3,,-0.483,0.876
116,House,21972,23,11,MI,100,,,"STEVENS, Haley",S001215,1983,,-0.489,-0.146,-0.19369,0.99672,59,0,,-0.589,-0.148
116,House,21975,23,13,MI,100,,,"TLAIB, Rashida",T000481,1976,,-0.849,-0.528,-3.20313,0.94535,57,2,,-0.981,-0.192
116,House,20122,33,4,MN,100,,,"McCOLLUM, Betty",M001143,1954,,-0.417,-0.192,-0.20699,0.9965,59,0,,-0.589,-0.148
116,House,21531,33,6,MN,200,,,"EMMER, Thomas Earl II",E000294,1961,,0.435,-0.06,-2.19202,0.96291,58,0,,0.427,0.904
116,House,21910,33,2,MN,100,,,"CRAIG, Angela",C001119,1972,,-0.489,-0.146,-0.19369,0.99672,59,0,,-0.589,-0.148
116,House,21929,33,1,MN,200,,,"HAGEDORN, Jim",H001088,1962,,0.431,0.902,-0.36266,0.99387,59,0,,0.432,0.902
116,House,21950,33,5,MN,100,,,"OMAR, Ilhan",O000173,1981,,-0.799,-0.601,-3.22932,0.94584,58,2,,-0.981,-0.192
116,House,21953,33,3,MN,100,,,"PHILLIPS, Dean",P000616,1969,,-0.489,-0.146,-0.19369,0.99672,59,0,,-0.589,-0.148
116,House,21969,33,8,MN,200,,,"STAUBER, Peter",S001212,1966,,0.297,0.204,-8.34955,0.86592,58,4,,0.293,0.199
116,House,29127,33,7,MN,100,,,"PETERSON, Collin Clark",P000258,1944,,-0.148,0.709,-9.10582,0.85698,59,3,,-0.331,0.944
116,House,21148,46,4,MS,200,,,"PALAZZO, Steven",P000601,1970,,0.492,0.513,-0.63345,0.98932,59,0,,0.432,0.902
116,House,21561,46,1,MS,200,,,"KELLY, Trent",K000388,1966,,0.573,0.21,-2.22112,0.96305,59,1,,0.568,0.282
116,House,21927,46,3,MS,200,,,"GUEST, Michael",G000591,1970,,0.431,0.902,-0.36251,0.99366,57,0,,0.432,0.902
116,House,29368,46,2,MS,100,,,"THOMPSON, Bennie",T000193,1948,,-0.516,0.403,-0.58199,0.99002,58,0,,-0.589,-0.148
116,House,20124,34,6,MO,200,,,"GRAVES, Samuel",G000546,1963,,0.432,0.162,-1.39128,0.97589,57,0,,0.428,0.904
116,House,20147,34,1,MO,100,,,"CLAY, William Lacy, Jr.",C001049,1956,,-0.48,-0.079,-0.19952,0.99662,59,0,,-0.589,-0.148
116,House,20517,34,5,MO,100,,,"CLEAVER, Emanuel, II",C001061,1944,,-0.453,0.014,-0.23746,0.99584,57,0,,-0.589,-0.148
116,House,20926,34,3,MO,200,,,"LUETKEMEYER, Blaine",L000569,1952,,0.447,0.242,-2.10499,0.96495,59,1,,0.487,0.299
116,House,21149,34,4,MO,200,,,"HARTZLER, Vicky",H001053,1960,,0.495,0.381,-0.78465,0.98502,52,0,,0.422,0.907
116,House,21150,34,7,MO,200,,,"LONG, Billy",L000576,1955,,0.551,0.293,-3.40243,0.94302,58,2,,0.479,0.053
116,House,21337,34,2,MO,200,,,"WAGNER, Ann",W000812,1962,,0.473,0.178,-9.34421,0.84632,56,4,,0.4,-0.105
116,House,21373,34,8,MO,200,,,"SMITH, Jason",S001195,1980,,0.617,0.209,-2.31508,0.96152,59,1,,0.568,0.282
116,House,21751,64,1,MT,200,,,"GIANFORTE, Greg",G000584,1961,,0.426,0.071,-2.52027,0.95818,59,1,,0.487,0.299
116,House,20518,35,1,NE,200,,,"FORTENBERRY, Jeff",F000449,1960,,0.301,-0.065,-9.70376,0.84834,59,3,,0.427,-0.262
116,House,20729,35,3,NE,200,,,"SMITH, Adrian",S001172,1970,,0.509,0.183,-1.15119,0.98068,59,0,,0.432,0.902
116,House,21701,35,2,NE,200,,,"BACON, Donald J.",B001298,1963,,0.431,-0.057,-5.21082,0.91547,59,3,,0.423,-0.043
116,House,20927,65,1,NV,100,,,"TITUS, Alice (Dina)",T000468,1950,,-0.301,-0.206,-0.25267,0.99558,57,0,,-0.551,-0.145
116,House,21196,65,2,NV,200,,,"AMODEI, Mark E.",A000369,1958,,0.377,0.178,-5.86306,0.90385,58,3,,0.53,-0.108
116,House,21339,65,4,NV,100,,,"HORSFORD, Steven",H001066,1973,,-0.347,0.051,-3.93869,0.93542,59,2,,-0.437,0.822
116,House,21938,65,3,NV,100,,,"LEE, Susie",L000590,1966,,-0.489,-0.146,-0.19369,0.99672,59,0,,-0.589,-0.148
116,House,21340,4,2,NH,100,,,"KUSTER, Ann McLane",K000382,1956,,-0.253,-0.138,-0.44804,0.99217,57,0,,-0.551,-0.145
116,House,21951,4,1,NH,100,,,"PAPPAS, Chris",P000614,1980,,-0.504,0.629,-1.39739,0.97659,59,1,,-0.526,0.666
116,House,14863,12,4,NJ,200,,,"SMITH, Christopher Henry",S000522,1953,,0.161,-0.171,-16.52507,0.75208,58,5,,0.19,0.059
116,House,15454,12,6,NJ,100,,,"PALLONE, Frank, Jr.",P000034,1951,,-0.404,-0.158,-0.21711,0.99633,59,0,,-0.589,-0.148
116,House,20542,12,8,NJ,100,,,"SIRES, Albio",S001165,1951,,-0.405,0.094,-0.23695,0.99578,56,0,,-0.551,-0.145
116,House,21536,12,1,NJ,100,,,"NORCROSS, Donald",N000188,1958,,-0.426,0.35,-0.68808,0.98841,59,0,,-0.589,-0.148
116,House,21538,12,12,NJ,100,,,"WATSON COLEMAN, Bonnie",W000822,1945,,-0.644,-0.16,-0.11291,0.99799,56,0,,-0.589,-0.148
116,House,21723,12,5,NJ,100,,,"GOTTHEIMER, Josh S.",G000583,1975,,-0.133,0.131,-11.56084,0.82206,59,8,,-0.098,0.363
116,House,21937,12,3,NJ,100,,,"KIM, Andy",K000394,1982,,-0.422,0.907,-3.1574,0.94789,59,1,,-0.378,0.926
116,House,21942,12,7,NJ,100,,,"MALINOWSKI, Tomaz",M001203,1965,,-0.489,-0.146,-0.19369,0.99672,59,0,,-0.589,-0.148
116,House,21964,12,11,NJ,100,,,"SHERRILL, Mikie",S001207,1972,,-0.111,-0.214,-5.18625,0.91585,59,2,,-0.111,-0.199
116,House,21980,12,2,NJ,100,,,"VAN DREW, Jefferson",V000133,1953,,-0.102,0.495,-7.29919,0.88175,58,2,,-0.1,0.451
116,House,29741,12,9,NJ,100,,,"PASCRELL, William J., Jr.",P000096,1937,,-0.367,-0.001,-0.32022,0.99459,59,0,,-0.589,-0.148
116,House,31103,12,10,NJ,100,,,"PAYNE, Donald, Jr.",P000604,1958,,-0.517,-0.103,-0.11704,0.99611,30,0,,-0.616,-0.278
116,House,20932,66,3,NM,100,,,"LUJÁN, Ben Ray",L000570,1972,,-0.368,0.023,-0.33578,0.99423,58,0,,-0.589,-0.148
116,House,21928,66,1,NM,100,,,"HAALAND, Debra",H001080,1960,,-0.489,-0.146,-0.19369,0.99672,59,0,,-0.589,-0.148
116,House,21976,66,2,NM,100,,,"TORRES SMALL, Xochitl",T000484,1984,,-0.146,0.115,-5.28919,0.91425,59,3,,-0.146,0.162
116,House,15603,13,16,NY,100,,,"ENGEL, Eliot Lance",E000179,1947,,-0.408,-0.089,-0.22987,0.99611,59,0,,-0.589,-0.148
116,House,15612,13,17,NY,100,,,"LOWEY, Nita M.",L000480,1937,,-0.389,-0.157,-0.14823,0.99745,58,0,,-0.56,-0.054
116,House,20519,13,26,NY,100,,,"HIGGINS, Brian",H001038,1959,,-0.346,-0.031,-0.33411,0.99435,59,0,,-0.589,-0.148
116,House,20733,13,9,NY,100,,,"CLARKE, Yvette Diane",C001067,1964,,-0.616,-0.193,-0.24931,0.99578,59,0,,-0.589,-0.148
116,House,20934,13,20,NY,100,,,"TONKO, Paul",T000469,1949,,-0.422,-0.257,-0.10921,0.99809,57,0,,-0.469,-0.017
116,House,21101,13,23,NY,200,,,"REED, Thomas W. II",R000585,1971,,0.295,0.099,-12.68721,0.80651,59,4,,0.262,0.675
116,House,21342,13,6,NY,100,,,"MENG, Grace",M001188,1975,,-0.381,-0.152,-5.22865,0.90931,55,2,,-0.44,0.828
116,House,21343,13,8,NY,100,,,"JEFFRIES, Hakeem",J000294,1970,,-0.487,-0.088,-0.19714,0.99661,58,0,,-0.589,-0.148
116,House,21344,13,18,NY,100,,,"MALONEY, Sean Patrick",M001185,1966,,-0.236,0.11,-1.94697,0.96699,58,1,,-0.526,0.666
116,House,21345,13,27,NY,200,,,"COLLINS, Chris",C001092,1950,,0.367,0.215,-7.01757,0.88604,58,4,,0.462,-0.263
116,House,21539,13,1,NY,200,,,"ZELDIN, Lee M",Z000017,1980,,0.364,-0.103,-4.46177,0.92717,59,0,,0.347,0.348
116,House,21540,13,4,NY,100,,,"RICE, Kathleen Maura",R000602,1965,,-0.286,-0.008,-7.33691,0.88307,59,3,,-0.163,0.11
116,House,21541,13,21,NY,200,,,"STEFANIK, Elise M",S001196,1984,,0.215,0.014,-12.83078,0.80455,59,6,,0.196,-0.105
116,House,21542,13,24,NY,200,,,"KATKO, John",K000386,1962,,0.205,-0.008,-13.95973,0.7893,59,7,,0.165,-0.058
116,House,21715,13,13,NY,100,,,"ESPAILLAT, Adriano J.",E000297,1954,,-0.622,-0.047,-0.2324,0.99607,59,0,,-0.589,-0.148
116,House,21747,13,3,NY,100,,,"SUOZZI, Thomas",S001201,1962,,-0.202,0.066,-3.44015,0.94336,59,2,,-0.437,0.822
116,House,21761,13,25,NY,100,,,"MORELLE, Joseph D.",M001206,1957,,-0.569,0.179,-0.27473,0.99535,59,0,,-0.589,-0.148
116,House,21904,13,22,NY,100,,,"BRINDISI, Anthony",B001308,1978,,-0.114,0.469,-9.21139,0.85315,58,6,,-0.117,0.6
116,House,21916,13,19,NY,100,,,"DELGADO, Antonio",D000630,1977,,-0.136,0.551,-8.65296,0.86359,59,5,,-0.134,0.492
116,House,21949,13,14,NY,100,,,"OCASIO-CORTEZ, Alexandria",O000172,1989,,-0.123,-0.992,-18.20014,0.73456,59,8,,-0.125,-0.992
116,House,21958,13,11,NY,100,,,"ROSE, Max",R000613,1986,,-0.063,-0.242,-5.29627,0.91273,58,2,,-0.062,-0.216
116,House,29134,13,15,NY,100,,,"SERRANO, José E.",S000248,1943,,-0.491,-0.379,-0.24254,0.9959,59,0,,-0.589,-0.148
116,House,29375,13,2,NY,200,,,"KING, Peter T.",K000210,1944,,0.261,-0.032,-11.33548,0.82247,58,6,,0.325,-0.063
116,House,29377,13,10,NY,100,,,"NADLER, Jerrold Lewis",N000002,1947,,-0.509,-0.51,-2.20764,0.96201,57,1,,-0.589,-0.148
116,House,29378,13,7,NY,100,,,"VELÁZQUEZ, Nydia M.",V000081,1953,,-0.547,-0.335,-0.24951,0.99539,54,0,,-0.589,-0.148
116,House,29379,13,12,NY,100,,,"MALONEY, Carolyn Bosher",M000087,1946,,-0.387,-0.276,-0.22435,0.99614,58,0,,-0.589,-0.148
116,House,29776,13,5,NY,100,,,"MEEKS, Gregory W.",M001137,1953,,-0.413,-0.075,-0.23062,0.9961,59,0,,-0.589,-0.148
116,House,15438,47,4,NC,100,,,"PRICE, David Eugene",P000523,1940,,-0.343,-0.027,-0.22993,0.99604,58,0,,-0.551,-0.145
116,House,20340,47,1,NC,100,,,"BUTTERFIELD, George Kenneth, Jr. (G.K.)",B001251,1947,,-0.403,0.185,-0.44689,0.99245,59,0,,-0.589,-0.148
116,House,20521,47,5,NC,200,,,"FOXX, Virginia Ann",F000450,1943,,0.641,0.141,-3.06773,0.94933,59,1,,0.474,0.311
116,House,20522,47,10,NC,200,,,"McHENRY, Patrick T.",M001156,1975,,0.577,0.105,-12.07268,0.81209,58,3,,0.555,-0.01
116,House,21346,47,8,NC,200,,,"HUDSON, Richard",H001067,1971,,0.672,0.192,-6.90327,0.88402,56,1,,0.436,0.9
116,House,21348,47,11,NC,200,,,"MEADOWS, Mark",M001187,1959,,0.625,-0.195,-8.44491,0.86002,56,4,,0.878,0.478
116,House,21349,47,2,NC,200,,,"HOLDING, George E.B.",H001065,1968,,0.652,0.149,-1.78138,0.96975,58,0,,0.436,0.9
116,House,21543,47,6,NC,200,,,"WALKER, Bradley Mark",W000819,1969,,0.613,-0.027,-1.19478,0.97812,54,0,,0.493,0.87
116,House,21544,47,7,NC,200,,,"ROUZER, David",R000603,1972,,0.614,0.214,-4.03008,0.93287,58,1,,0.71,0.704
116,House,21545,47,12,NC,100,,,"ADAMS, Alma",A000370,1946,,-0.469,0.022,-0.23196,0.99608,59,0,,-0.589,-0.148
116,House,21708,47,13,NC,200,,,"BUDD, Theodore Paul",B001305,1971,,0.693,-0.103,-5.82229,0.9029,57,4,,0.586,-0.168
116,House,29546,47,3,NC,200,,,"JONES, Walter Beaman, Jr.",J000255,1943,,0.244,-0.362,,,,,,,
116,House,21901,36,1,ND,200,,,"ARMSTRONG, Kelly",A000377,1976,,0.446,0.895,-0.25574,0.9956,58,0,,0.439,0.898
116,House,15029,24,9,OH,100,,,"KAPTUR, Marcia Carolyn (Marcy)",K000009,1946,,-0.349,0.108,-0.46421,0.99216,59,0,,-0.589,-0.148
116,House,20342,24,10,OH,200,,,"TURNER, Michael R.",T000463,1960,,0.267,0.193,-6.67957,0.89122,58,2,,0.346,0.349
116,House,20343,24,13,OH,100,,,"RYAN, Timothy J.",R000577,1973,,-0.403,0.216,-0.35626,0.99377,57,0,,-0.551,-0.145
116,House,20738,24,4,OH,200,,,"JORDAN, Jim",J000289,1964,,0.71,-0.216,-6.50038,0.89568,59,4,,0.651,-0.347
116,House,20755,24,5,OH,200,,,"LATTA, Robert E.",L000566,1956,,0.52,0.254,-1.02226,0.98282,59,0,,0.432,0.902
116,House,20941,24,11,OH,100,,,"FUDGE, Marcia L.",F000455,1952,,-0.584,0.137,-8.27878,0.86257,56,3,,-0.437,0.822
116,House,21162,24,6,OH,200,,,"JOHNSON, Bill",J000292,1954,,0.426,0.255,-3.41421,0.94377,59,1,,0.347,0.348
116,House,21163,24,15,OH,200,,,"STIVERS, Steve",S001187,1965,,0.299,0.268,-8.94665,0.8593,59,5,,0.367,0.016
116,House,21165,24,7,OH,200,,,"GIBBS, Bob",G000563,1954,,0.46,0.288,-0.9372,0.98214,52,0,,0.422,0.907
116,House,21351,24,2,OH,200,,,"WENSTRUP, Brad",W000815,1958,,0.578,0.182,-2.52091,0.95598,56,1,,0.474,0.311
116,House,21352,24,3,OH,100,,,"BEATTY, Joyce",B001281,1950,,-0.428,0.073,-0.29331,0.99504,59,0,,-0.589,-0.148
116,House,21353,24,14,OH,200,,,"JOYCE, David",J000295,1957,,0.257,0.268,-8.04225,0.87257,59,3,,0.347,0.021
116,House,21564,24,8,OH,200,,,"DAVIDSON, Warren",D000626,1970,,0.771,-0.242,-9.94736,0.82887,53,7,,0.574,-0.31
116,House,21759,24,12,OH,200,,,"BALDERSON, Troy",B001306,1962,,0.389,0.675,-0.5896,0.99006,59,0,,0.432,0.902
116,House,21924,24,16,OH,200,,,"GONZALEZ, Anthony",G000588,1984,,0.308,0.182,-6.88037,0.88993,59,3,,0.32,0.182
116,House,29550,24,1,OH,200,,,"CHABOT, Steve",C000266,1953,,0.584,-0.247,-3.54594,0.94167,59,1,,0.432,0.902
116,House,20344,53,4,OK,200,,,"COLE, Tom",C001053,1949,,0.335,0.363,-7.59056,0.87928,59,3,,0.345,0.183
116,House,21355,53,2,OK,200,,,"MULLIN, Markwayne",M001190,1977,,0.509,0.429,-5.94665,0.89386,53,2,,0.737,0.676
116,House,21760,53,1,OK,200,,,"HERN, Kevin",H001082,1961,,0.529,-0.178,-5.31885,0.91379,59,2,,0.608,-0.197
116,House,21933,53,5,OK,100,,,"HORN, Kendra",H001083,1976,,-0.234,0.694,-6.30367,0.89867,59,4,,-0.242,0.62
116,House,29393,53,3,OK,200,,,"LUCAS, Frank D.",L000491,1960,,0.363,0.408,-1.19687,0.97885,56,0,,0.432,0.902
116,House,15410,72,4,OR,100,,,"DeFAZIO, Peter Anthony",D000191,1947,,-0.429,0.011,-0.17753,0.99666,53,0,,-0.551,-0.145
116,House,20944,72,5,OR,100,,,"SCHRADER, Kurt",S001180,1951,,-0.192,0.059,-2.34666,0.95823,55,1,,-0.176,-0.451
116,House,21198,72,1,OR,100,,,"BONAMICI, Suzanne",B001278,1954,,-0.392,-0.396,-0.24941,0.99578,59,0,,-0.589,-0.148
116,House,29588,72,3,OR,100,,,"BLUMENAUER, Earl",B000574,1948,,-0.427,-0.663,-0.39051,0.99317,57,0,,-0.564,-0.062
116,House,29932,72,2,OR,200,,,"WALDEN, Greg",W000791,1957,,0.337,-0.029,-15.04375,0.77153,58,8,,0.249,-0.06
116,House,20946,14,15,PA,200,,,"THOMPSON, Glenn",T000467,1959,,0.309,0.383,-5.3949,0.91262,59,1,,0.568,0.282
116,House,21167,14,16,PA,200,,,"KELLY, Mike",K000376,1948,,0.321,0.495,-3.14798,0.94337,54,1,,0.493,0.216
116,House,21170,14,12,PA,200,,,"MARINO, Thomas A.",M001179,1952,,0.352,0.477,-0.28897,0.98751,23,0,,0.0,0.0
116,House,21356,14,10,PA,200,,,"PERRY, Scott",P000605,1962,,0.666,-0.381,-8.01276,0.86886,57,5,,0.686,-0.391
116,House,21358,14,8,PA,100,,,"CARTWRIGHT, Matt",C001090,1961,,-0.371,-0.05,-0.27772,0.99467,52,0,,-0.589,-0.147
116,House,21548,14,2,PA,100,,,"BOYLE, Brendan Francis",B001296,1977,,-0.397,0.161,-0.42765,0.99278,59,0,,-0.589,-0.148
116,House,21566,14,3,PA,100,,,"EVANS, Dwight",E000296,1954,,-0.451,-0.067,-0.21072,0.99643,59,0,,-0.589,-0.148
116,House,21718,14,1,PA,200,,,"FITZPATRICK, Brian K.",F000466,1973,,0.206,-0.251,-13.36073,0.79736,59,6,,0.158,-0.037
116,House,21745,14,11,PA,200,,,"SMUCKER, Lloyd K.",S001199,1964,,0.4,0.343,-1.03309,0.97914,49,0,,0.419,0.908
116,House,21756,14,17,PA,100,,,"LAMB, Conor",L000588,1984,,-0.083,0.019,-9.83478,0.84646,59,5,,-0.051,0.135
116,House,21762,14,5,PA,100,,,"SCANLON, Mary Gay",S001205,1959,,-0.303,-0.374,-0.35927,0.99393,59,0,,-0.589,-0.148
116,House,21763,14,7,PA,100,,,"WILD, Susan",W000826,1957,,-0.559,0.829,-2.4251,0.95905,58,1,,-0.443,0.897
116,House,21915,14,4,PA,100,,,"DEAN, Madeleine",D000631,1959,,-0.489,-0.146,-0.19369,0.99672,59,0,,-0.589,-0.148
116,House,21934,14,6,PA,100,,,"HOULAHAN, Christina",H001085,1967,,-0.498,0.855,-1.8216,0.96908,58,1,,-0.463,0.855
116,House,21936,14,13,PA,200,,,"JOYCE, John",J000302,1957,,0.573,0.306,-2.2071,0.96328,59,1,,0.568,0.282
116,House,21945,14,9,PA,200,,,"MEUSER, Dan",M001204,1964,,0.446,0.895,-0.25574,0.9956,58,0,,0.439,0.898
116,House,21956,14,14,PA,200,,,"RESCHENTHALER, Guy",R000610,1983,,0.501,0.085,-3.1586,0.947,58,2,,0.494,0.071
116,House,29561,14,18,PA,100,,,"DOYLE, Michael F.",D000482,1953,,-0.33,0.122,-0.53822,0.9906,57,0,,-0.592,-0.156
116,House,20136,5,2,RI,100,,,"LANGEVIN, James",L000559,1964,,-0.377,0.109,-0.40373,0.99318,59,0,,-0.589,-0.148
116,House,21172,5,1,RI,100,,,"CICILLINE, David N.",C001084,1961,,-0.39,-0.286,-0.22242,0.99611,57,0,,-0.589,-0.147
116,House,20138,48,2,SC,200,,,"WILSON, Addison Graves (Joe)",W000795,1947,,0.545,0.105,-1.39958,0.97616,58,0,,0.427,0.904
116,House,21174,48,3,SC,200,,,"DUNCAN, Jeff",D000615,1966,,0.739,-0.209,-8.46602,0.86633,59,3,,0.653,-0.255
116,House,21359,48,7,SC,200,,,"RICE, Tom",R000597,1957,,0.579,-0.247,-6.52265,0.89363,58,4,,0.63,-0.233
116,House,21753,48,5,SC,200,,,"NORMAN, Ralph",N000190,1953,,0.703,-0.197,-7.70674,0.87755,59,3,,0.841,0.54
116,House,21913,48,1,SC,100,,,"CUNNINGHAM, Joe",C001122,1982,,-0.054,0.51,-7.83901,0.87558,59,2,,-0.054,0.49
116,House,21974,48,4,SC,200,,,"TIMMONS, William",T000480,1984,,0.431,0.902,-0.36266,0.99387,59,0,,0.432,0.902
116,House,39301,48,6,SC,100,,,"CLYBURN, James Enos",C000537,1940,,-0.464,0.255,-0.40625,0.99277,56,0,,-0.589,-0.148
116,House,21935,37,1,SD,200,,,"JOHNSON, Dustin",J000301,1976,,0.431,0.902,-0.36265,0.99377,58,0,,0.431,0.902
116,House,15019,54,5,TN,100,,,"COOPER, James Hayes Shofner",C000754,1954,,-0.162,-0.036,-1.67412,0.97155,58,0,,-0.589,-0.148
116,House,20748,54,9,TN,100,,,"COHEN, Stephen",C001068,1949,,-0.4,-0.356,-0.18375,0.99684,58,0,,-0.551,-0.145
116,House,20947,54,1,TN,200,,,"ROE, David P. (Phil)",R000582,1945,,0.493,0.003,-3.17926,0.94754,59,2,,0.544,0.003
116,House,21178,54,3,TN,200,,,"FLEISCHMANN, Chuck",F000459,1962,,0.471,0.303,-4.96685,0.91926,59,3,,0.53,-0.107
116,House,21179,54,4,TN,200,,,"DESJARLAIS, Scott",D000616,1964,,0.594,-0.116,-4.15747,0.9259,54,2,,0.606,-0.283
116,House,21731,54,8,TN,200,,,"KUSTOFF, David",K000392,1966,,0.542,0.048,-2.32603,0.96134,59,1,,0.568,0.282
116,House,21905,54,2,TN,200,,,"BURCHETT, Timothy",B001309,1964,,0.596,-0.122,-4.36107,0.92875,59,1,,0.591,-0.14
116,House,21926,54,7,TN,200,,,"GREEN, Mark",G000590,1964,,0.794,0.608,-4.08655,0.93308,59,2,,0.795,0.607
116,House,21959,54,6,TN,200,,,"ROSE, John",R000612,1965,,0.541,-0.332,-7.01382,0.88792,59,2,,0.538,-0.35
116,House,20355,49,26,TX,200,,,"BURGESS, Michael C.",B001248,1950,,0.57,-0.222,-10.01143,0.83892,57,3,,0.618,-0.352
116,House,20356,49,31,TX,200,,,"CARTER, John R.",C001051,1941,,0.466,0.603,-2.38149,0.95438,51,1,,0.477,0.304
116,House,20527,49,1,TX,200,,,"GOHMERT, Louie",G000552,1953,,0.609,-0.298,-11.01946,0.81844,55,7,,0.904,-0.326
116,House,20529,49,9,TX,100,,,"GREEN, Al",G000553,1947,,-0.438,0.32,-0.59123,0.99003,59,0,,-0.589,-0.148
116,House,20530,49,10,TX,200,,,"McCAUL, Michael T.",M001157,1962,,0.449,0.089,-5.67474,0.90524,57,2,,0.331,0.242
116,House,20531,49,11,TX,200,,,"CONAWAY, K. Michael",C001062,1948,,0.59,0.359,-1.10044,0.98152,59,0,,0.432,0.902
116,House,20532,49,24,TX,200,,,"MARCHANT, Kenny",M001158,1951,,0.6,0.171,-2.64942,0.95458,57,1,,0.475,0.309
116,House,20533,49,28,TX,100,,,"CUELLAR, Henry",C001063,1955,,-0.225,0.62,-5.17251,0.91606,59,3,,-0.589,-0.148
116,House,20948,49,22,TX,200,,,"OLSON, Pete",O000168,1962,,0.539,0.31,-0.97298,0.98364,59,0,,0.432,0.902
116,House,21182,49,17,TX,200,,,"FLORES, Bill",F000461,1954,,0.6,0.333,-6.59927,0.89245,58,1,,0.361,0.357
116,House,21360,49,14,TX,200,,,"WEBER, Randy",W000814,1953,,0.702,0.053,-8.34668,0.86808,59,5,,0.794,-0.069
116,House,21362,49,20,TX,100,,,"CASTRO, Joaquin",C001091,1974,,-0.394,-0.003,-0.28055,0.99526,59,0,,-0.589,-0.148
116,House,21364,49,25,TX,200,,,"WILLIAMS, Roger",W000816,1949,,0.606,0.11,-4.99309,0.91885,59,1,,0.607,-0.095
116,House,21365,49,33,TX,100,,,"VEASEY, Marc",V000131,1971,,-0.405,0.294,-0.62814,0.98941,59,0,,-0.589,-0.148
116,House,21366,49,34,TX,100,,,"VELA, Filemon",V000132,1963,,-0.311,0.421,-1.56552,0.97381,59,0,,-0.589,-0.148
116,House,21549,49,4,TX,200,,,"RATCLIFFE, John",R000601,1965,,0.738,0.141,-4.01114,0.93318,58,1,,0.687,0.368
116,House,21550,49,23,TX,200,,,"HURD, William Ballard",H001073,1977,,0.337,0.208,-38.73997,0.51861,59,15,,0.176,0.035
116,House,21551,49,36,TX,200,,,"BABIN, Brian",B001291,1948,,0.705,0.159,-6.47002,0.89444,58,4,,0.887,0.461
116,House,21700,49,19,TX,200,,,"ARRINGTON, Jodey Cook",A000375,1972,,0.547,0.116,-3.25625,0.94447,57,2,,0.492,0.061
116,House,21722,49,15,TX,100,,,"GONZALEZ, Vicente Jr.",G000581,1967,,-0.361,0.631,-2.27426,0.96155,58,1,,-0.589,-0.148
116,House,21758,49,27,TX,200,,,"CLOUD, Michael",C001115,1975,,0.654,-0.069,-5.97501,0.90369,59,2,,0.647,-0.172
116,House,21900,49,32,TX,100,,,"ALLRED, Colin",A000376,1983,,-0.589,-0.148,-0.10642,0.99803,54,0,,-0.589,-0.148
116,House,21911,49,2,TX,200,,,"CRENSHAW, Daniel",C001120,1984,,0.431,0.902,-0.36266,0.99387,59,0,,0.432,0.902
116,House,21917,49,16,TX,100,,,"ESCOBAR, Veronica",E000299,1969,,-0.489,-0.146,-0.19369,0.99672,59,0,,-0.589,-0.148
116,House,21919,49,7,TX,100,,,"FLETCHER, Elizabeth",F000468,1975,,-0.489,-0.146,-0.19369,0.99672,59,0,,-0.589,-0.148
116,House,21922,49,29,TX,100,,,"GARCIA, Sylvia",G000587,1950,,-0.489,-0.146,-0.19369,0.99672,59,0,,-0.589,-0.148
116,House,21925,49,5,TX,200,,,"GOODEN, Lance",G000589,1982,,0.494,0.318,-2.00658,0.96656,59,1,,0.487,0.299
116,House,21961,49,21,TX,200,,,"ROY, Charles",R000614,1972,,0.863,-0.505,-5.498,0.90956,58,2,,0.862,-0.507
116,House,21973,49,3,TX,200,,,"TAYLOR, Nicholas",T000479,1972,,0.496,0.087,-3.18081,0.94752,59,2,,0.49,0.073
116,House,21984,49,6,TX,200,,,"WRIGHT, Ron",W000827,1953,,0.425,0.905,-0.35619,0.99343,54,0,,0.426,0.905
116,House,29571,49,35,TX,100,,,"DOGGETT, Lloyd Alton, II",D000399,1946,,-0.402,-0.31,-0.22055,0.99614,57,0,,-0.589,-0.147
116,House,29572,49,13,TX,200,,,"THORNBERRY, William McClellan (Mac)",T000238,1958,,0.527,0.311,-3.36033,0.94371,58,2,,0.494,0.071
116,House,29573,49,18,TX,100,,,"JACKSON LEE, Sheila",J000032,1950,,-0.459,0.133,-0.22396,0.99608,57,0,,-0.551,-0.145
116,House,29760,49,8,TX,200,,,"BRADY, Kevin Patrick",B000755,1955,,0.518,0.217,-4.46659,0.92709,59,3,,0.53,-0.107
116,House,29762,49,12,TX,200,,,"GRANGER, Kay",G000377,1943,,0.392,0.232,-2.72892,0.9548,59,1,,0.474,0.311
116,House,39305,49,30,TX,100,,,"JOHNSON, Eddie Bernice",J000126,1935,,-0.486,0.205,-0.34515,0.99417,59,0,,-0.589,-0.148
116,House,20357,67,1,UT,200,,,"BISHOP, Robert (Rob)",B001250,1951,,0.53,0.114,-5.14023,0.9123,56,1,,0.347,0.346
116,House,21367,67,2,UT,200,,,"STEWART, Chris",S001192,1960,,0.52,0.108,-3.20607,0.94711,59,2,,0.49,0.073
116,House,21755,67,3,UT,200,,,"CURTIS, John R.",C001114,1960,,0.543,-0.015,-3.33225,0.94509,59,2,,0.49,0.073
116,House,21943,67,4,UT,100,,,"McADAMS, Ben",M001209,1974,,-0.111,0.265,-6.73678,0.89209,59,3,,-0.111,0.344
116,House,20750,6,1,VT,100,,,"WELCH, Peter",W000800,1947,,-0.407,-0.35,-0.22884,0.99606,58,0,,-0.589,-0.148
116,House,20756,40,1,VA,200,,,"WITTMAN, Robert J.",W000804,1959,,0.424,-0.035,-8.29613,0.86672,58,3,,0.276,0.448
116,House,20952,40,11,VA,100,,,"CONNOLLY, Gerald E. (Gerry)",C001078,1950,,-0.309,-0.011,-3.89217,0.93286,56,2,,-0.437,0.822
116,House,21191,40,9,VA,200,,,"GRIFFITH, H. Morgan",G000568,1958,,0.545,-0.452,-5.87046,0.90214,57,2,,0.59,-0.141
116,House,21554,40,8,VA,100,,,"BEYER, Donald Sternoff Jr.",B001292,1950,,-0.387,-0.023,-2.64015,0.95474,57,1,,-0.293,0.171
116,House,21736,40,4,VA,100,,,"MCEACHIN, Aston Donald",M001200,1961,,-0.393,-0.137,-0.22015,0.99608,56,0,,-0.604,-0.129
116,House,21908,40,6,VA,200,,,"CLINE, Benjamin",C001118,1972,,0.657,-0.301,-7.3496,0.88288,59,4,,0.652,-0.335
116,House,21941,40,2,VA,100,,,"LURIA, Elaine",L000591,1975,,-0.354,0.935,-3.1487,0.94803,59,2,,-0.443,0.897
116,House,21957,40,5,VA,200,,,"RIGGLEMAN, Denver",R000611,1970,,0.407,-0.088,-7.10049,0.88661,59,4,,0.403,-0.093
116,House,21966,40,7,VA,100,,,"SPANBERGER, Abigail",S001209,1979,,-0.139,0.008,-4.83605,0.9213,59,3,,-0.138,0.041
116,House,21983,40,10,VA,100,,,"WEXTON, Jennifer",W000825,1968,,-0.489,-0.146,-0.19369,0.99672,59,0,,-0.589,-0.148
116,House,39307,40,3,VA,100,,,"SCOTT, Robert C.",S000185,1947,,-0.451,0.009,-3.47489,0.94185,58,1,,-0.589,-0.148
116,House,20145,73,2,WA,100,,,"LARSEN, Richard Ray (Rick)",L000560,1965,,-0.364,0.192,-0.5521,0.99053,58,0,,-0.589,-0.148
116,House,20535,73,5,WA,200,,,"McMORRIS RODGERS, Cathy",M001159,1969,,0.43,0.148,-3.38887,0.94418,59,2,,0.49,0.073
116,House,21187,73,3,WA,200,,,"HERRERA BEUTLER, Jaime",H001056,1978,,0.372,-0.206,-20.02949,0.71214,59,9,,0.231,0.009
116,House,21368,73,6,WA,100,,,"KILMER, Derek",K000381,1974,,-0.308,-0.027,-3.96841,0.93495,59,2,,-0.437,0.822
116,House,21369,73,10,WA,100,,,"HECK, Denny",H001064,1952,,-0.312,-0.122,-0.35487,0.994,59,0,,-0.589,-0.148
116,House,21556,73,4,WA,200,,,"NEWHOUSE, Daniel Milton",N000189,1955,,0.363,0.212,-3.88454,0.93628,59,2,,0.393,0.068
116,House,21726,73,7,WA,100,,,"JAYAPAL, Pramila",J000298,1965,,-0.705,-0.161,-1.88059,0.96863,59,1,,-0.589,-0.148
116,House,21962,73,8,WA,100,,,"SCHRIER, Kim",S001216,1968,,-0.368,0.93,-3.61528,0.94056,59,2,,-0.437,0.822
116,House,29768,73,9,WA,100,,,"SMITH, Adam",S000510,1965,,-0.284,-0.156,-0.43024,0.99273,59,0,,-0.589,-0.148
116,House,31101,73,1,WA,100,,,"DelBENE, Suzan K.",D000617,1962,,-0.279,-0.229,-0.4276,0.99278,59,0,,-0.589,-0.148
116,House,21188,56,1,WV,200,,,"McKINLEY, David",M001180,1947,,0.29,0.158,-5.10396,0.91713,59,0,,0.347,0.348
116,House,21557,56,2,WV,200,,,"MOONEY, Alex X.",M001195,1971,,0.575,-0.294,-6.23935,0.89965,59,1,,0.442,-0.112
116,House,21946,56,3,WV,200,,,"MILLER, Carol",M001205,1950,,0.6,0.379,-2.1262,0.96401,58,1,,0.595,0.353
116,House,14657,25,5,WI,200,,,"SENSENBRENNER, Frank James, Jr.",S000244,1943,,0.646,-0.613,-5.33068,0.81463,26,4,,0.433,0.901
116,House,20537,25,4,WI,100,,,"MOORE, Gwendolynne S. (Gwen)",M001160,1951,,-0.53,-0.246,-0.2134,0.99633,58,0,,-0.589,-0.148
116,House,21189,25,7,WI,200,,,"DUFFY, Sean",D000614,1971,,0.508,-0.124,-2.18074,0.96181,56,0,,0.43,0.903
116,House,21370,25,2,WI,100,,,"POCAN, Mark",P000607,1964,,-0.545,-0.503,-0.3391,0.99417,58,0,,-0.589,-0.148
116,House,21559,25,6,WI,200,,,"GROTHMAN, Glenn",G000576,1955,,0.617,-0.273,-9.19068,0.85575,59,5,,0.649,-0.509
116,House,21720,25,8,WI,200,,,"GALLAGHER, Michael",G000579,1984,,0.563,0.101,-1.50769,0.97477,59,0,,0.432,0.902
116,House,21970,25,1,WI,200,,,"STEIL, Bryan",S001213,1981,,0.427,-0.036,-5.20765,0.91552,59,3,,0.423,-0.043
116,House,29769,25,3,WI,100,,,"KIND, Ron",K000188,1963,,-0.263,-0.089,-4.97943,0.91344,55,2,,-0.16,-0.123
116,House,21710,68,1,WY,200,,,"CHENEY, Liz",C001109,1966,,0.517,0.465,-0.71906,0.98789,59,0,,0.432,0.902
116,Senate,41705,41,0,AL,100,,,"JONES, Gordon Douglas (Doug)",J000300,1954,,-0.111,0.115,-3.04122,0.84455,18,1,,0.036,-0.164
116,Senate,94659,41,0,AL,200,,,"SHELBY, Richard C.",S000320,1934,,0.431,0.537,-2.26463,0.88178,18,2,,0.308,0.614
116,Senate,40300,81,0,AK,200,,,"MURKOWSKI, Lisa",M001153,1957,,0.208,-0.288,-4.72202,0.74444,16,3,,0.378,-0.544
116,Senate,41500,81,0,AK,200,,,"SULLIVAN, Daniel Scott",S001198,1964,,0.461,0.112,-2.39879,0.8684,17,2,,0.308,0.613
116,Senate,21300,61,0,AZ,100,,,"SINEMA, Kyrsten",S001191,1976,,-0.107,0.058,-3.15439,0.83925,18,2,,0.036,-0.164
116,Senate,21501,61,0,AZ,200,,,"McSALLY, Martha",M001197,1966,,0.347,-0.007,-6.36425,0.70218,18,5,,-0.113,0.897
116,Senate,20101,42,0,AR,200,,,"BOOZMAN, John",B001236,1950,,0.401,0.246,-6.79246,0.68567,18,3,,-0.076,0.721
116,Senate,21301,42,0,AR,200,,,"COTTON, Tom",C001095,1977,,0.615,0.112,-13.5894,0.47003,18,5,,-0.268,0.963
116,Senate,41701,71,0,CA,100,,,"HARRIS, Kamala Devi",H001075,1964,,-0.693,-0.069,-0.21846,0.98723,17,0,,-0.679,-0.527
116,Senate,49300,71,0,CA,100,,,"FEINSTEIN, Dianne",F000062,1933,,-0.27,-0.216,-5.39795,0.7409,18,4,,-0.609,0.551
116,Senate,21112,62,0,CO,200,,,"GARDNER, Cory",G000562,1974,,0.451,-0.021,-8.76591,0.57818,16,5,,-0.032,0.371
116,Senate,40910,62,0,CO,100,,,"BENNET, Michael F.",B001267,1964,,-0.207,-0.12,-1.6424,0.91279,18,0,,-0.227,0.027
116,Senate,20707,1,0,CT,100,,,"MURPHY, Christopher",M001169,1973,,-0.307,-0.18,-5.46852,0.738,18,6,,-0.691,-0.723
116,Senate,41101,1,0,CT,100,,,"BLUMENTHAL, Richard",B001277,1946,,-0.411,-0.091,-5.94263,0.71882,18,6,,-0.227,0.027
116,Senate,15015,11,0,DE,100,,,"CARPER, Thomas Richard",C000174,1947,,-0.174,-0.222,-8.29633,0.63071,18,4,,-0.609,0.551
116,Senate,40916,11,0,DE,100,,,"COONS, Christopher A.",C001088,1963,,-0.24,-0.206,-2.19599,0.88515,18,0,,-0.227,0.027
116,Senate,41102,43,0,FL,200,,,"RUBIO, Marco",R000595,1971,,0.578,-0.297,-5.78809,0.72502,18,3,,-0.113,0.897
116,Senate,41903,43,0,FL,200,,,"SCOTT, Richard Lynn (Rick)",S001217,1952,,,,,,,,,0.654,0.428
116,Senate,29909,44,0,GA,200,,,"ISAKSON, Johnny",I000055,1944,,0.403,-0.015,-4.18174,0.77,16,1,,0.333,-0.146
116,Senate,41501,44,0,GA,200,,,"PERDUE, David Alfred, Jr.",P000612,1949,,0.607,-0.158,-1.23277,0.90953,13,0,,0.71,0.335
116,Senate,20713,82,0,HI,100,,,"HIRONO, Mazie",H001042,1947,,-0.486,-0.095,-1.46967,0.9216,18,0,,-0.691,-0.723
116,Senate,41112,82,0,HI,100,,,"SCHATZ, Brian Emanuel",S001194,1972,,-0.418,-0.085,-2.25058,0.876,17,0,,-0.679,-0.527
116,Senate,29345,63,0,ID,200,,,"CRAPO, Michael Dean",C000880,1951,,0.51,0.282,-1.26489,0.92399,16,0,,0.655,0.426
116,Senate,40902,63,0,ID,200,,,"RISCH, James",R000584,1943,,0.636,0.566,-0.38238,0.97483,15,0,,0.688,0.725
116,Senate,15021,21,0,IL,100,,,"DURBIN, Richard Joseph",D000563,1944,,-0.363,-0.365,-2.0123,0.88182,16,0,,-0.69,-0.724
116,Senate,21325,21,0,IL,100,,,"DUCKWORTH, Tammy",D000622,1968,,-0.32,0.087,-2.05743,0.88601,17,0,,-0.216,0.026
116,Senate,21133,22,0,IN,200,,,"YOUNG, Todd",Y000064,1972,,0.481,0.038,-2.05704,0.89201,18,1,,0.654,0.428
116,Senate,41900,22,0,IN,200,,,"BRAUN, Michael",B001310,1954,,,,,,,,,0.654,0.428
116,Senate,14226,31,0,IA,200,,,"GRASSLEY, Charles Ernest",G000386,1933,,0.343,-0.07,-4.77502,0.76699,18,2,,0.654,0.428
116,Senate,41502,31,0,IA,200,,,"ERNST, Joni",E000295,1970,,0.513,0.017,-2.0949,0.89013,18,1,,0.654,0.428
116,Senate,14852,32,0,KS,200,,,"ROBERTS, Charles Patrick (Pat)",R000307,1936,,0.414,-0.093,-2.51662,0.86952,18,0,,0.308,0.614
116,Senate,29722,32,0,KS,200,,,"MORAN, Jerry",M000934,1954,,0.414,0.24,-6.95863,0.60833,14,3,,-0.157,0.97
116,Senate,14921,51,0,KY,200,,,"McCONNELL, Addison Mitchell (Mitch)",M000355,1942,,0.404,-0.0,-11.8004,0.51914,18,4,,0.818,-0.575
116,Senate,41104,51,0,KY,200,,,"PAUL, Rand",P000603,1963,,0.876,-0.482,-6.14004,0.57225,11,3,,0.879,-0.477
116,Senate,20919,45,0,LA,200,,,"CASSIDY, Bill",C001075,1957,,0.452,-0.103,-1.88308,0.89515,17,0,,0.654,0.428
116,Senate,41703,45,0,LA,200,,,"KENNEDY, John Neely",K000393,1951,,0.494,0.331,-18.45676,0.35866,18,6,,0.991,-0.136
116,Senate,41300,2,0,ME,328,,,"KING, Angus Stanley, Jr.",K000383,1944,,-0.152,-0.228,-1.68944,0.91041,18,0,,-0.227,0.027
116,Senate,49703,2,0,ME,200,,,"COLLINS, Susan Margaret",C001035,1952,,0.111,-0.552,-3.7819,0.8105,18,2,,0.072,-0.092
116,Senate,15408,52,0,MD,100,,,"CARDIN, Benjamin Louis",C000141,1943,,-0.327,-0.252,-4.16218,0.79356,18,2,,-0.104,-0.758
116,Senate,20330,52,0,MD,100,,,"VAN HOLLEN, Christopher",V000128,1959,,-0.392,-0.176,-2.83906,0.85408,18,0,,-0.691,-0.723
116,Senate,14435,3,0,MA,100,,,"MARKEY, Edward John",M000133,1946,,-0.503,-0.434,-4.11184,0.79578,18,2,,-0.322,-0.607
116,Senate,41301,3,0,MA,100,,,"WARREN, Elizabeth",W000817,1949,,-0.757,-0.265,-0.28689,0.98419,18,0,,-0.691,-0.723
116,Senate,20923,23,0,MI,100,,,"PETERS, Gary C.",P000595,1958,,-0.237,-0.213,-5.12203,0.75235,18,3,,-0.498,0.416
116,Senate,29732,23,0,MI,100,,,"STABENOW, Deborah Ann",S000770,1950,,-0.33,0.031,-2.48922,0.87085,18,0,,-0.227,0.027
116,Senate,40700,33,0,MN,100,,,"KLOBUCHAR, Amy",K000367,1960,,-0.247,-0.171,-4.05403,0.79834,18,2,,-0.104,-0.758
116,Senate,41706,33,0,MN,100,,,"SMITH, Tina",S001203,1958,,-0.34,-0.141,-4.25968,0.78927,18,3,,-0.104,-0.758
116,Senate,29534,46,0,MS,200,,,"WICKER, Roger F.",W000437,1951,,0.377,0.359,-2.18456,0.88571,18,1,,0.308,0.614
116,Senate,41707,46,0,MS,200,,,"HYDE-SMITH, Cindy",H001079,1959,,0.398,0.187,-1.98761,0.89546,18,0,,0.308,0.614
116,Senate,29735,34,0,MO,200,,,"BLUNT, Roy",B000575,1950,,0.429,0.289,-2.13106,0.88218,17,2,,0.308,0.613
116,Senate,41901,34,0,MO,200,,,"HAWLEY, Joshua David",H001089,1979,,,,,,,,,-0.113,0.897
116,Senate,21338,64,0,MT,200,,,"DAINES, Steve",D000618,1962,,0.539,-0.104,-7.8079,0.64806,18,5,,-0.076,0.721
116,Senate,40702,64,0,MT,100,,,"TESTER, Jon",T000464,1956,,-0.21,0.139,-1.82617,0.90352,18,0,,-0.227,0.027
116,Senate,41302,35,0,NE,200,,,"FISCHER, Debra (Deb)",F000463,1951,,0.468,0.314,-1.52257,0.91889,18,0,,0.654,0.428
116,Senate,41503,35,0,NE,200,,,"SASSE, Benjamin Eric",S001197,1972,,0.81,-0.271,-6.8054,0.68518,18,3,,-0.113,0.897
116,Senate,21743,65,0,NV,100,,,"ROSEN, Jacklyn Sheryl",R000608,1957,,-0.243,0.21,-1.61526,0.89791,15,0,,-0.228,0.05
116,Senate,41700,65,0,NV,100,,,"CORTEZ MASTO, Catherine Marie",C001113,1964,,-0.392,0.346,-2.37418,0.87643,18,1,,-0.227,0.027
116,Senate,40906,4,0,NH,100,,,"SHAHEEN, Jeanne",S001181,1947,,-0.252,-0.224,-5.78206,0.72526,18,4,,-0.609,0.551
116,Senate,41702,4,0,NH,100,,,"HASSAN, Margaret (Maggie)",H001076,1958,,-0.257,-0.069,-1.86355,0.90165,18,0,,-0.227,0.027
116,Senate,29373,12,0,NJ,100,,,"MENENDEZ, Robert",M000639,1954,,-0.362,-0.111,-12.45297,0.50066,18,5,,-0.016,-0.202
116,Senate,41308,12,0,NJ,100,,,"BOOKER, Cory Anthony",B001288,1969,,-0.616,-0.158,-3.35306,0.79968,15,1,,-0.969,0.249
116,Senate,20930,66,0,NM,100,,,"HEINRICH, Martin",H001046,1971,,-0.304,-0.03,-7.60252,0.6555,18,6,,-0.691,-0.723
116,Senate,29924,66,0,NM,100,,,"UDALL, Thomas (Tom)",U000039,1948,,-0.454,0.175,-4.14115,0.79448,18,3,,-0.691,-0.723
116,Senate,14858,13,0,NY,100,,,"SCHUMER, Charles Ellis (Chuck)",S000148,1950,,-0.351,-0.389,-4.90295,0.76156,18,4,,-0.104,-0.758
116,Senate,20735,13,0,NY,100,,,"GILLIBRAND, Kirsten",G000555,1966,,-0.414,-0.238,-2.01037,0.88193,16,0,,-0.692,-0.722
116,Senate,29548,47,0,NC,200,,,"BURR, Richard M.",B001135,1955,,0.453,-0.056,-2.42747,0.85058,15,1,,0.307,0.611
116,Senate,41504,47,0,NC,200,,,"TILLIS, Thomas Roland (Thom)",T000476,1960,,0.422,0.011,-2.28584,0.87419,17,1,,0.307,0.616
116,Senate,21350,36,0,ND,200,,,"CRAMER, Kevin",C001096,1961,,0.393,0.306,-2.26602,0.87521,17,2,,0.655,0.43
116,Senate,41107,36,0,ND,200,,,"HOEVEN, John",H001061,1957,,0.342,0.338,-4.62707,0.76172,17,3,,0.639,0.769
116,Senate,29386,24,0,OH,200,,,"PORTMAN, Robert Jones (Rob)",P000449,1955,,0.375,-0.247,-4.0887,0.7968,18,2,,0.654,0.428
116,Senate,29389,24,0,OH,100,,,"BROWN, Sherrod",B000944,1952,,-0.438,-0.137,-1.69639,0.90503,17,0,,-0.69,-0.724
116,Senate,15424,53,0,OK,200,,,"INHOFE, James Mountain",I000024,1934,,0.553,0.042,-1.18568,0.93263,17,0,,0.687,0.726
116,Senate,21166,53,0,OK,200,,,"LANKFORD, James",L000575,1968,,0.575,0.157,-1.05831,0.9429,18,0,,0.654,0.428
116,Senate,14871,72,0,OR,100,,,"WYDEN, Ronald Lee",W000779,1949,,-0.321,-0.432,-4.46162,0.78046,18,3,,-0.104,-0.758
116,Senate,40908,72,0,OR,100,,,"MERKLEY, Jeff",M001176,1956,,-0.481,-0.796,-0.38335,0.97893,18,0,,-0.691,-0.723
116,Senate,29935,14,0,PA,200,,,"TOOMEY, Patrick Joseph",T000461,1961,,0.639,-0.296,-3.70801,0.81383,18,1,,0.638,0.77
116,Senate,40703,14,0,PA,100,,,"CASEY, Robert (Bob), Jr.",C001070,1960,,-0.305,0.196,-4.03254,0.79929,18,1,,-0.333,0.514
116,Senate,29142,5,0,RI,100,,,"REED, John F. (Jack)",R000122,1949,,-0.38,-0.224,-3.99753,0.80085,18,2,,-0.609,0.551
116,Senate,40704,5,0,RI,100,,,"WHITEHOUSE, Sheldon",W000802,1955,,-0.395,-0.174,-10.55761,0.55625,18,7,,-0.227,0.027
116,Senate,21173,48,0,SC,200,,,"SCOTT, Tim",S001184,1965,,0.651,-0.002,-3.26607,0.83406,18,1,,0.308,0.614
116,Senate,29566,48,0,SC,200,,,"GRAHAM, Lindsey O.",G000359,1955,,0.408,-0.171,-2.76833,0.84972,17,0,,0.308,0.614
116,Senate,29754,37,0,SD,200,,,"THUNE, John",T000250,1961,,0.411,0.132,-2.10565,0.8896,18,1,,0.654,0.428
116,Senate,41505,37,0,SD,200,,,"ROUNDS, Marion Michael (Mike)",R000605,1954,,0.389,0.043,-2.15043,0.88739,18,0,,0.308,0.614
116,Senate,20351,54,0,TN,200,,,"BLACKBURN, Marsha",B001243,1952,,0.614,0.127,-4.4275,0.78194,18,2,,0.308,0.614
116,Senate,40304,54,0,TN,200,,,"ALEXANDER, Lamar",A000360,1940,,0.323,-0.183,-6.13404,0.68156,16,1,,0.299,0.015
116,Senate,40305,49,0,TX,200,,,"CORNYN, John",C001056,1952,,0.495,-0.008,-1.88432,0.89508,17,0,,0.654,0.428
116,Senate,41304,49,0,TX,200,,,"CRUZ, Rafael Edward (Ted)",C001098,1970,,0.82,-0.309,-4.43566,0.77034,17,2,,1.0,-0.001
116,Senate,41110,67,0,UT,200,,,"LEE, Mike",L000577,1971,,0.919,-0.394,-7.2861,0.66712,18,4,,0.994,-0.108
116,Senate,41902,67,0,UT,200,,,"ROMNEY, Willard Mitt (Mitt)",R000615,1947,,,,,,,,,0.529,-0.417
116,Senate,14307,6,0,VT,100,,,"LEAHY, Patrick Joseph",L000174,1940,,-0.371,-0.138,-3.72858,0.8129,18,1,,-0.691,-0.723
116,Senate,29147,6,0,VT,328,,,"SANDERS, Bernard",S000033,1941,,-0.521,-0.362,-0.52236,0.96974,17,0,,-0.691,-0.723
116,Senate,40909,40,0,VA,100,,,"WARNER, Mark",W000805,1954,,-0.195,-0.027,-1.58396,0.91576,18,0,,-0.227,0.027
116,Senate,41305,40,0,VA,100,,,"KAINE, Timothy Michael (Tim)",K000384,1958,,-0.237,-0.117,-6.98489,0.67838,18,4,,-0.609,0.551
116,Senate,39310,73,0,WA,100,,,"CANTWELL, Maria E.",C000127,1958,,-0.292,-0.396,-2.83926,0.8374,16,3,,-0.208,-0.109
116,Senate,49308,73,0,WA,100,,,"MURRAY, Patty",M001111,1950,,-0.342,-0.283,-5.25724,0.74672,18,6,,-0.227,0.027
116,Senate,20146,56,0,WV,200,,,"CAPITO, Shelley Moore",C001047,1953,,0.261,0.054,-2.75983,0.85785,18,0,,0.308,0.614
116,Senate,40915,56,0,WV,100,,,"MANCHIN, Joe, III",M001183,1947,,-0.058,0.464,-1.92334,0.89866,18,0,,-0.033,0.374
116,Senate,29940,25,0,WI,100,,,"BALDWIN, Tammy",B001230,1962,,-0.522,-0.228,-0.7201,0.96078,18,0,,-0.691,-0.723
116,Senate,41111,25,0,WI,200,,,"JOHNSON, Ron",J000293,1955,,0.602,-0.308,-1.95618,0.89702,18,0,,0.654,0.428
116,Senate,40707,68,0,WY,200,,,"BARRASSO, John A.",B001261,1952,,0.534,0.233,-1.17113,0.93701,18,0,,0.654,0.428
116,Senate,49706,68,0,WY,200,,,"ENZI, Michael B.",E000285,1944,,0.541,0.185,-2.8394,0.85407,18,1,,0.638,0.77
